{"test_acc": 89.33474319612498, "test_loss": 0.7500650471007126, "train_acc": [87.85639982075257, 90.45119433657602, 90.59627905634517, 90.6792216996826, 90.74119727403985, 90.78112161333688, 90.80898165960768, 90.86018766210226, 90.88242211951912, 90.91102481444054], "train_loss": [0.8777057016392948, 0.6477507127489734, 0.6384934378506336, 0.6333547133014765, 0.6292103167599332, 0.6261503511209306, 0.6246275769917581, 0.6228990970981366, 0.6209889896629546, 0.619471410246423], "val_acc": [89.40356128764472, 89.5949598143489, 89.44782900539663, 89.66039125774996, 89.89953301269888, 89.78301351445836, 89.63111119922593, 89.79967240759814, 89.80513978225274, 89.9189277151531], "val_loss": [0.7287319519615185, 0.7152131311364343, 0.7162914515703677, 0.7057213340964343, 0.6917657017583321, 0.7046119397309678, 0.6981132699124556, 0.705640138734941, 0.6985224953730297, 0.6958431250793405]}